case_id,score
57543,0.14651878529218787
57549,0.10756286868504406
57551,0.07690484691796
57552,0.05972278457606779
57569,0.043049557634173875
57630,0.050208068739187886
57631,0.08403561787071621
57632,0.04971939857107521
57633,0.07443556529241022
57634,0.06405466676598248
