case_id,score
57543,0.07867986459462441
57549,0.13704629898441809
57551,0.06443884294910598
57552,0.026973050548570455
57569,0.006257628816762247
57630,0.0201278422573906
57631,0.021453006658316294
57632,0.021821881399106662
57633,0.024338203992112804
57634,0.08309665413197116
